INSERT INTO `DisplayedIn` (`userID`,`caseID`,`whentttt`) VALUES ("Y21o6z6w7G","SSS21f4f1m7D000","2021-10-01 05:11:13");
INSERT INTO `DisplayedIn` (`userID`,`caseID`,`whentttt`) VALUES ("Y21z3g0u2J","SSS21t5j9w8Q000","2020-10-01 05:45:46");
INSERT INTO `DisplayedIn` (`userID`,`caseID`,`whentttt`) VALUES ("Y21v8e5b1X","SSS21t7z7y4I000","2021-06-20 09:58:23");
INSERT INTO `DisplayedIn` (`userID`,`caseID`,`whentttt`) VALUES ("Y21g1p3c3G","SSS21c2h1l0H000","2021-09-10 04:18:29");
INSERT INTO `DisplayedIn` (`userID`,`caseID`,`whentttt`) VALUES ("Y21e8x0n9D","SSS21i1q4e2C000","2021-11-22 12:18:24");
INSERT INTO `DisplayedIn` (`userID`,`caseID`,`whentttt`) VALUES ("Y21f7a6o4B","SSS21p2y3h0J000","2020-03-28 01:31:45");
INSERT INTO `DisplayedIn` (`userID`,`caseID`,`whentttt`) VALUES ("Y21x5j6p6T","SSS21r4j6o9L000","2021-11-04 11:57:10");
INSERT INTO `DisplayedIn` (`userID`,`caseID`,`whentttt`) VALUES ("Y21p5s5v4O","SSS21i6v6f7T000","2021-02-21 02:17:18");
INSERT INTO `DisplayedIn` (`userID`,`caseID`,`whentttt`) VALUES ("Y21x8e8x9N","SSS21e7a2y8X000","2021-10-03 03:56:15");
INSERT INTO `DisplayedIn` (`userID`,`caseID`,`whentttt`) VALUES ("Y21t1o7o9Y","SSS21h4r3w5L000","2021-12-02 11:25:50");
INSERT INTO `DisplayedIn` (`userID`,`caseID`,`whentttt`) VALUES ("Y21u7j9u8C","SSS21w9v7d1S000","2021-06-23 03:42:31");
INSERT INTO `DisplayedIn` (`userID`,`caseID`,`whentttt`) VALUES ("Y21o8j6m5Q","SSS21x3c0k9T000","2021-09-28 08:50:37");
INSERT INTO `DisplayedIn` (`userID`,`caseID`,`whentttt`) VALUES ("Y21u6h9a9Z","SSS21m4j8t5Y000","2020-09-21 01:37:20");
INSERT INTO `DisplayedIn` (`userID`,`caseID`,`whentttt`) VALUES ("Y21i6v7v5D","SSS21t0l8f1K000","2021-10-20 01:15:27");
INSERT INTO `DisplayedIn` (`userID`,`caseID`,`whentttt`) VALUES ("Y21f3d4t5C","SSS21q6m3x3T000","2020-10-31 01:20:51");
INSERT INTO `DisplayedIn` (`userID`,`caseID`,`whentttt`) VALUES ("Y21k1f0p1V","SSS21q0w9e4F000","2021-07-29 05:40:20");
INSERT INTO `DisplayedIn` (`userID`,`caseID`,`whentttt`) VALUES ("Y21l4d5v4P","SSS21i4h3i7G000","2020-01-08 12:24:51");
INSERT INTO `DisplayedIn` (`userID`,`caseID`,`whentttt`) VALUES ("Y21r7i5k7R","SSS21d9j4s9V000","2020-03-15 08:47:51");
INSERT INTO `DisplayedIn` (`userID`,`caseID`,`whentttt`) VALUES ("Y21k3r5r6E","SSS21j1j4d2X000","2021-04-06 12:11:19");
INSERT INTO `DisplayedIn` (`userID`,`caseID`,`whentttt`) VALUES ("Y21o9s5h1I","SSS21x9u8f6Z000","2020-11-23 09:58:40");
INSERT INTO `DisplayedIn` (`userID`,`caseID`,`whentttt`) VALUES ("Y21g2u0t9Q","SSS21z9r7y5C000","2021-07-01 12:17:55");
INSERT INTO `DisplayedIn` (`userID`,`caseID`,`whentttt`) VALUES ("Y21n9p1n2F","SSS21f0o8f3M000","2021-03-03 08:53:56");
INSERT INTO `DisplayedIn` (`userID`,`caseID`,`whentttt`) VALUES ("Y21m0a3t8V","SSS21g1s2c8O000","2021-08-01 10:23:50");
INSERT INTO `DisplayedIn` (`userID`,`caseID`,`whentttt`) VALUES ("Y21z5h8a7E","SSS21r2i9s2I000","2021-10-04 03:58:27");
INSERT INTO `DisplayedIn` (`userID`,`caseID`,`whentttt`) VALUES ("Y21w3k2x5I","SSS21q9n4e2T000","2021-04-17 02:23:56");
INSERT INTO `DisplayedIn` (`userID`,`caseID`,`whentttt`) VALUES ("Y21h1p8s3U","SSS21u3f3x1U000","2021-06-19 07:56:22");
INSERT INTO `DisplayedIn` (`userID`,`caseID`,`whentttt`) VALUES ("Y21v7m0z9X","SSS21v8k1h4G000","2020-02-24 05:50:37");
INSERT INTO `DisplayedIn` (`userID`,`caseID`,`whentttt`) VALUES ("Y21w7j4f7F","SSS21h7e3k5M000","2021-06-13 10:58:53");
INSERT INTO `DisplayedIn` (`userID`,`caseID`,`whentttt`) VALUES ("Y21f4u5j8O","SSS21x4s1a3V000","2020-09-14 07:59:50");
INSERT INTO `DisplayedIn` (`userID`,`caseID`,`whentttt`) VALUES ("Y21b5m3m0U","SSS21u6y2o0G000","2021-11-27 04:58:33");
INSERT INTO `DisplayedIn` (`userID`,`caseID`,`whentttt`) VALUES ("Y21b7o0o9M","SSS21w9x5e8R000","2022-01-03 08:42:43");
INSERT INTO `DisplayedIn` (`userID`,`caseID`,`whentttt`) VALUES ("Y21m1v3d6V","SSS21u9p6o8P000","2021-03-25 07:27:27");
INSERT INTO `DisplayedIn` (`userID`,`caseID`,`whentttt`) VALUES ("Y21b8b3x3G","SSS21x3v1i1X000","2021-12-31 05:47:26");
INSERT INTO `DisplayedIn` (`userID`,`caseID`,`whentttt`) VALUES ("Y21f0u7q2E","SSS21v4i3j3Q000","2021-10-07 02:12:30");
INSERT INTO `DisplayedIn` (`userID`,`caseID`,`whentttt`) VALUES ("Y21i4m5b5E","SSS21g5u1k6F000","2021-12-26 09:36:58");
INSERT INTO `DisplayedIn` (`userID`,`caseID`,`whentttt`) VALUES ("Y21s4k5g0B","SSS21u2b9j9T000","2021-07-05 11:55:36");
INSERT INTO `DisplayedIn` (`userID`,`caseID`,`whentttt`) VALUES ("Y21u1z9w6E","SSS21m2s8l8V000","2021-12-05 02:30:39");
INSERT INTO `DisplayedIn` (`userID`,`caseID`,`whentttt`) VALUES ("Y21z1u4z4R","SSS21r0x1d7Q000","2020-05-08 05:50:14");
INSERT INTO `DisplayedIn` (`userID`,`caseID`,`whentttt`) VALUES ("Y21p3z1w6U","SSS21b9l8r3P000","2020-05-20 08:32:44");
INSERT INTO `DisplayedIn` (`userID`,`caseID`,`whentttt`) VALUES ("Y21r2g8t4N","SSS21m1x7b8D000","2020-04-02 11:40:42");
INSERT INTO `DisplayedIn` (`userID`,`caseID`,`whentttt`) VALUES ("Y21f2g0i1C","SSS21a3i7z1O000","2020-03-24 06:50:39");
INSERT INTO `DisplayedIn` (`userID`,`caseID`,`whentttt`) VALUES ("Y21i0f8z5U","SSS21r2s0x1N000","2020-02-08 02:22:25");
INSERT INTO `DisplayedIn` (`userID`,`caseID`,`whentttt`) VALUES ("Y21q7j8b9V","SSS21j2b1k9V000","2020-10-22 11:32:52");
INSERT INTO `DisplayedIn` (`userID`,`caseID`,`whentttt`) VALUES ("Y21s4p0h3F","SSS21g1h3u4I000","2020-03-25 07:35:46");
INSERT INTO `DisplayedIn` (`userID`,`caseID`,`whentttt`) VALUES ("Y21u0h0r1H","SSS21a0a6p9S000","2020-06-30 12:10:32");
INSERT INTO `DisplayedIn` (`userID`,`caseID`,`whentttt`) VALUES ("Y21l5f9r2T","SSS21m9w8z8C000","2022-01-22 09:40:10");
INSERT INTO `DisplayedIn` (`userID`,`caseID`,`whentttt`) VALUES ("Y21q5y2g9O","SSS21f8c9f6M000","2021-02-07 06:57:44");
INSERT INTO `DisplayedIn` (`userID`,`caseID`,`whentttt`) VALUES ("Y21c0c7t0F","SSS21w2k1h1K000","2020-06-17 04:46:23");
INSERT INTO `DisplayedIn` (`userID`,`caseID`,`whentttt`) VALUES ("Y21b3t3d4I","SSS21f7g1m0X000","2021-09-22 01:53:27");
INSERT INTO `DisplayedIn` (`userID`,`caseID`,`whentttt`) VALUES ("Y21f0b1b9W","SSS21p4d1l5D000","2021-08-29 01:22:23");
INSERT INTO `DisplayedIn` (`userID`,`caseID`,`whentttt`) VALUES ("Y21b0m9k9L","SSS21n4w8u7G000","2021-12-20 07:16:57");
INSERT INTO `DisplayedIn` (`userID`,`caseID`,`whentttt`) VALUES ("Y21a9z7t6R","SSS21i2g3x4N000","2021-07-23 06:31:56");
INSERT INTO `DisplayedIn` (`userID`,`caseID`,`whentttt`) VALUES ("Y21b4v1r9B","SSS21c4j2s1X000","2021-06-26 03:17:31");
INSERT INTO `DisplayedIn` (`userID`,`caseID`,`whentttt`) VALUES ("Y21b5j1d7H","SSS21h4d5s5N000","2020-03-13 03:31:53");
INSERT INTO `DisplayedIn` (`userID`,`caseID`,`whentttt`) VALUES ("Y21g5x5u9X","SSS21x4j4e8B000","2021-10-07 02:55:41");
INSERT INTO `DisplayedIn` (`userID`,`caseID`,`whentttt`) VALUES ("Y21f9g6q6I","SSS21u5y4c9M000","2020-12-15 10:42:36");
INSERT INTO `DisplayedIn` (`userID`,`caseID`,`whentttt`) VALUES ("Y21r5t3v1Y","SSS21u8m5q6V000","2021-12-28 07:24:23");
INSERT INTO `DisplayedIn` (`userID`,`caseID`,`whentttt`) VALUES ("Y21b2c5s5X","SSS21w5z3w3P000","2020-03-18 04:41:10");
INSERT INTO `DisplayedIn` (`userID`,`caseID`,`whentttt`) VALUES ("Y21k8t2u9D","SSS21w4v3a8C000","2020-03-24 01:55:24");
INSERT INTO `DisplayedIn` (`userID`,`caseID`,`whentttt`) VALUES ("Y21m6p8s3I","SSS21f2o7c6M000","2021-09-18 08:49:29");
INSERT INTO `DisplayedIn` (`userID`,`caseID`,`whentttt`) VALUES ("Y21z5f7v5T","SSS21x7d9c7B000","2021-04-04 05:12:44");
INSERT INTO `DisplayedIn` (`userID`,`caseID`,`whentttt`) VALUES ("Y21i8q5y1K","SSS21f2i1y4G000","2020-05-19 11:31:35");
INSERT INTO `DisplayedIn` (`userID`,`caseID`,`whentttt`) VALUES ("Y21o9o2w6C","SSS21a2d9l7A000","2020-12-08 08:36:44");
INSERT INTO `DisplayedIn` (`userID`,`caseID`,`whentttt`) VALUES ("Y21u4a5y5V","SSS21e3w2w2Q000","2022-01-23 09:30:30");
INSERT INTO `DisplayedIn` (`userID`,`caseID`,`whentttt`) VALUES ("Y21a4p1j5G","SSS21t5q9r6X000","2020-02-13 11:20:45");
INSERT INTO `DisplayedIn` (`userID`,`caseID`,`whentttt`) VALUES ("Y21l6k2n1L","SSS21c0v3j7H000","2021-01-01 08:35:30");
INSERT INTO `DisplayedIn` (`userID`,`caseID`,`whentttt`) VALUES ("Y21d8k6f2D","SSS21p6f6g2Y000","2020-05-30 10:42:10");
INSERT INTO `DisplayedIn` (`userID`,`caseID`,`whentttt`) VALUES ("Y21m1b5d7H","SSS21i3k0z7H000","2020-06-02 03:13:22");
INSERT INTO `DisplayedIn` (`userID`,`caseID`,`whentttt`) VALUES ("Y21x8n6z9E","SSS21d4j9h5F000","2020-10-31 01:17:50");
INSERT INTO `DisplayedIn` (`userID`,`caseID`,`whentttt`) VALUES ("Y21z6i9d6D","SSS21a6j4s8S000","2022-01-06 05:40:35");
INSERT INTO `DisplayedIn` (`userID`,`caseID`,`whentttt`) VALUES ("Y21c6m6e7X","SSS21g4w5c6D000","2021-04-16 07:13:13");
INSERT INTO `DisplayedIn` (`userID`,`caseID`,`whentttt`) VALUES ("Y21r8v6d0F","SSS21p4y9k3K000","2020-02-28 05:32:49");
INSERT INTO `DisplayedIn` (`userID`,`caseID`,`whentttt`) VALUES ("Y21p8o6k8V","SSS21i3c0v7K000","2021-08-04 04:28:22");
INSERT INTO `DisplayedIn` (`userID`,`caseID`,`whentttt`) VALUES ("Y21p1m4i0V","SSS21v2a2i2Q000","2020-08-30 03:39:25");
INSERT INTO `DisplayedIn` (`userID`,`caseID`,`whentttt`) VALUES ("Y21w4s1x4S","SSS21o2d2m1T000","2020-09-16 11:29:53");
INSERT INTO `DisplayedIn` (`userID`,`caseID`,`whentttt`) VALUES ("Y21y5a3i5J","SSS21t1y8p4S000","2020-11-03 09:21:18");
INSERT INTO `DisplayedIn` (`userID`,`caseID`,`whentttt`) VALUES ("Y21g8j8y7M","SSS21z6c7c1T000","2021-11-30 11:38:25");
INSERT INTO `DisplayedIn` (`userID`,`caseID`,`whentttt`) VALUES ("Y21v5s0t5X","SSS21z3g2q9E000","2021-09-28 10:24:19");
INSERT INTO `DisplayedIn` (`userID`,`caseID`,`whentttt`) VALUES ("Y21j1t2r0Y","SSS21h1q4a0S000","2021-09-26 12:46:13");
INSERT INTO `DisplayedIn` (`userID`,`caseID`,`whentttt`) VALUES ("Y21t6w4j0J","SSS21g3n2c8L000","2021-12-07 01:56:56");
INSERT INTO `DisplayedIn` (`userID`,`caseID`,`whentttt`) VALUES ("Y21q3s6c7X","SSS21o5q4n4D000","2021-08-09 04:49:19");
INSERT INTO `DisplayedIn` (`userID`,`caseID`,`whentttt`) VALUES ("Y21f9q5j0G","SSS21v4h8r3P000","2021-01-23 09:37:29");
INSERT INTO `DisplayedIn` (`userID`,`caseID`,`whentttt`) VALUES ("Y21k4o5w6C","SSS21n2b5k6O000","2020-04-27 06:44:39");
INSERT INTO `DisplayedIn` (`userID`,`caseID`,`whentttt`) VALUES ("Y21o2k5g2F","SSS21d8m8u7S000","2022-01-09 08:40:28");
INSERT INTO `DisplayedIn` (`userID`,`caseID`,`whentttt`) VALUES ("Y21a2h5f8J","SSS21m6a0d2A000","2020-03-25 05:32:19");
INSERT INTO `DisplayedIn` (`userID`,`caseID`,`whentttt`) VALUES ("Y21g2n6i0Z","SSS21c5g2t6S000","2020-05-11 11:29:33");
INSERT INTO `DisplayedIn` (`userID`,`caseID`,`whentttt`) VALUES ("Y21g2y7g1G","SSS21p3d1e3Z000","2021-03-22 11:53:28");
INSERT INTO `DisplayedIn` (`userID`,`caseID`,`whentttt`) VALUES ("Y21r1y3d2A","SSS21o2v8p8Q000","2021-08-29 06:48:38");
INSERT INTO `DisplayedIn` (`userID`,`caseID`,`whentttt`) VALUES ("Y21d5s7g0D","SSS21l9i0c0G000","2021-07-16 12:39:25");
INSERT INTO `DisplayedIn` (`userID`,`caseID`,`whentttt`) VALUES ("Y21p9a1c3B","SSS21x6m5b8C000","2022-01-24 08:59:35");
INSERT INTO `DisplayedIn` (`userID`,`caseID`,`whentttt`) VALUES ("Y21a9z0f5X","SSS21r0z8x1B000","2021-07-18 07:34:35");
INSERT INTO `DisplayedIn` (`userID`,`caseID`,`whentttt`) VALUES ("Y21d7k9b9B","SSS21y5z3j2Y000","2020-09-04 04:48:55");
INSERT INTO `DisplayedIn` (`userID`,`caseID`,`whentttt`) VALUES ("Y21p8v0o4G","SSS21h2t7e7N000","2021-08-08 09:29:29");
INSERT INTO `DisplayedIn` (`userID`,`caseID`,`whentttt`) VALUES ("Y21z8m7k6X","SSS21x7t4k3L000","2021-09-30 10:59:56");
INSERT INTO `DisplayedIn` (`userID`,`caseID`,`whentttt`) VALUES ("Y21w4b1d7E","SSS21q6l8d6I000","2020-05-07 03:42:59");
INSERT INTO `DisplayedIn` (`userID`,`caseID`,`whentttt`) VALUES ("Y21h5m5s3X","SSS21e8i7o9T000","2020-07-31 09:55:32");
INSERT INTO `DisplayedIn` (`userID`,`caseID`,`whentttt`) VALUES ("Y21g1s2d4W","SSS21v4l5t6B000","2020-10-19 10:47:30");
INSERT INTO `DisplayedIn` (`userID`,`caseID`,`whentttt`) VALUES ("Y21s2l2g2Y","SSS21a5l8y4Q000","2020-03-16 01:50:18");
INSERT INTO `DisplayedIn` (`userID`,`caseID`,`whentttt`) VALUES ("Y21u6q9o1X","SSS21y7r8q2W000","2021-03-21 05:41:29");
INSERT INTO `DisplayedIn` (`userID`,`caseID`,`whentttt`) VALUES ("Y21b0a2b3T","SSS21q6h2r5T000","2021-06-02 01:27:51");

INSERT INTO `Handles` (`userID`,`caseID`) VALUES ("A21r4a1b6X","SSS21f4f1m7D000");
INSERT INTO `Handles` (`userID`,`caseID`) VALUES ("A21a7z0h2V","SSS21t5j9w8Q000");
INSERT INTO `Handles` (`userID`,`caseID`) VALUES ("A21u5w0u4X","SSS21t7z7y4I000");
INSERT INTO `Handles` (`userID`,`caseID`) VALUES ("A21j6o5f1F","SSS21c2h1l0H000");
INSERT INTO `Handles` (`userID`,`caseID`) VALUES ("A21k2l6c5D","SSS21i1q4e2C000");
INSERT INTO `Handles` (`userID`,`caseID`) VALUES ("A21d1o5j7F","SSS21p2y3h0J000");
INSERT INTO `Handles` (`userID`,`caseID`) VALUES ("A21y0e3o6E","SSS21r4j6o9L000");
INSERT INTO `Handles` (`userID`,`caseID`) VALUES ("A21e4d9u7O","SSS21i6v6f7T000");
INSERT INTO `Handles` (`userID`,`caseID`) VALUES ("A21i6h2v4R","SSS21e7a2y8X000");
INSERT INTO `Handles` (`userID`,`caseID`) VALUES ("A21u4f4u7F","SSS21h4r3w5L000");
INSERT INTO `Handles` (`userID`,`caseID`) VALUES ("A21k9e0m9D","SSS21w9v7d1S000");
INSERT INTO `Handles` (`userID`,`caseID`) VALUES ("A21x6i8r4X","SSS21x3c0k9T000");
INSERT INTO `Handles` (`userID`,`caseID`) VALUES ("A21b7y0r2S","SSS21m4j8t5Y000");
INSERT INTO `Handles` (`userID`,`caseID`) VALUES ("A21u5j4l6F","SSS21t0l8f1K000");
INSERT INTO `Handles` (`userID`,`caseID`) VALUES ("A21t8y1o3Z","SSS21q6m3x3T000");
INSERT INTO `Handles` (`userID`,`caseID`) VALUES ("A21n6o6k0N","SSS21q0w9e4F000");
INSERT INTO `Handles` (`userID`,`caseID`) VALUES ("A21a0f5x5M","SSS21i4h3i7G000");
INSERT INTO `Handles` (`userID`,`caseID`) VALUES ("A21h9m7x7T","SSS21d9j4s9V000");
INSERT INTO `Handles` (`userID`,`caseID`) VALUES ("A21s9n5a5A","SSS21j1j4d2X000");
INSERT INTO `Handles` (`userID`,`caseID`) VALUES ("A21v1p2x4V","SSS21x9u8f6Z000");
INSERT INTO `Handles` (`userID`,`caseID`) VALUES ("A21q7h0u0E","SSS21z9r7y5C000");
INSERT INTO `Handles` (`userID`,`caseID`) VALUES ("A21t0s5w9W","SSS21f0o8f3M000");
INSERT INTO `Handles` (`userID`,`caseID`) VALUES ("A21c9u5e3I","SSS21g1s2c8O000");
INSERT INTO `Handles` (`userID`,`caseID`) VALUES ("A21m3s3v7H","SSS21r2i9s2I000");
INSERT INTO `Handles` (`userID`,`caseID`) VALUES ("A21n2c2u6B","SSS21q9n4e2T000");
INSERT INTO `Handles` (`userID`,`caseID`) VALUES ("A21e0f5s5Z","SSS21u3f3x1U000");
INSERT INTO `Handles` (`userID`,`caseID`) VALUES ("A21g0p1y1W","SSS21v8k1h4G000");
INSERT INTO `Handles` (`userID`,`caseID`) VALUES ("A21n8n7m3C","SSS21h7e3k5M000");
INSERT INTO `Handles` (`userID`,`caseID`) VALUES ("A21y0y7o4V","SSS21x4s1a3V000");
INSERT INTO `Handles` (`userID`,`caseID`) VALUES ("A21p8y2h4F","SSS21u6y2o0G000");
INSERT INTO `Handles` (`userID`,`caseID`) VALUES ("A21l5x6o0T","SSS21w9x5e8R000");
INSERT INTO `Handles` (`userID`,`caseID`) VALUES ("A21r8g4t8B","SSS21u9p6o8P000");
INSERT INTO `Handles` (`userID`,`caseID`) VALUES ("A21x5n7u2H","SSS21x3v1i1X000");
INSERT INTO `Handles` (`userID`,`caseID`) VALUES ("A21y6d3d4X","SSS21v4i3j3Q000");
INSERT INTO `Handles` (`userID`,`caseID`) VALUES ("A21x1j9n0G","SSS21g5u1k6F000");
INSERT INTO `Handles` (`userID`,`caseID`) VALUES ("A21k7w6w1Y","SSS21u2b9j9T000");
INSERT INTO `Handles` (`userID`,`caseID`) VALUES ("A21a3c6t8L","SSS21m2s8l8V000");
INSERT INTO `Handles` (`userID`,`caseID`) VALUES ("A21y2r4m4Q","SSS21r0x1d7Q000");
INSERT INTO `Handles` (`userID`,`caseID`) VALUES ("A21u9i4t8B","SSS21b9l8r3P000");
INSERT INTO `Handles` (`userID`,`caseID`) VALUES ("A21u8d9m8Y","SSS21m1x7b8D000");
INSERT INTO `Handles` (`userID`,`caseID`) VALUES ("A21u2k4c8X","SSS21a3i7z1O000");
INSERT INTO `Handles` (`userID`,`caseID`) VALUES ("A21r5r4s7U","SSS21r2s0x1N000");
INSERT INTO `Handles` (`userID`,`caseID`) VALUES ("A21z0c9m4N","SSS21j2b1k9V000");
INSERT INTO `Handles` (`userID`,`caseID`) VALUES ("A21s1c6q8Z","SSS21g1h3u4I000");
INSERT INTO `Handles` (`userID`,`caseID`) VALUES ("A21v4l9p0Q","SSS21a0a6p9S000");
INSERT INTO `Handles` (`userID`,`caseID`) VALUES ("A21u6a1c4F","SSS21m9w8z8C000");
INSERT INTO `Handles` (`userID`,`caseID`) VALUES ("A21b3w5m9Q","SSS21f8c9f6M000");
INSERT INTO `Handles` (`userID`,`caseID`) VALUES ("A21z1d3m8Y","SSS21w2k1h1K000");
INSERT INTO `Handles` (`userID`,`caseID`) VALUES ("A21n7e0v3D","SSS21f7g1m0X000");
INSERT INTO `Handles` (`userID`,`caseID`) VALUES ("A21n8x4f7G","SSS21p4d1l5D000");
INSERT INTO `Handles` (`userID`,`caseID`) VALUES ("A21f7g3c6N","SSS21n4w8u7G000");
INSERT INTO `Handles` (`userID`,`caseID`) VALUES ("A21d7o8k9T","SSS21i2g3x4N000");
INSERT INTO `Handles` (`userID`,`caseID`) VALUES ("A21a0i6w2G","SSS21c4j2s1X000");
INSERT INTO `Handles` (`userID`,`caseID`) VALUES ("A21v4u3c1K","SSS21h4d5s5N000");
INSERT INTO `Handles` (`userID`,`caseID`) VALUES ("A21e3b3o7Z","SSS21x4j4e8B000");
INSERT INTO `Handles` (`userID`,`caseID`) VALUES ("A21j1c2w5C","SSS21u5y4c9M000");
INSERT INTO `Handles` (`userID`,`caseID`) VALUES ("A21h1m1b0M","SSS21u8m5q6V000");
INSERT INTO `Handles` (`userID`,`caseID`) VALUES ("A21x3j8o9E","SSS21w5z3w3P000");
INSERT INTO `Handles` (`userID`,`caseID`) VALUES ("A21b0t8q7E","SSS21w4v3a8C000");
INSERT INTO `Handles` (`userID`,`caseID`) VALUES ("A21t2x4l5I","SSS21f2o7c6M000");
INSERT INTO `Handles` (`userID`,`caseID`) VALUES ("A21i4c5r8L","SSS21x7d9c7B000");
INSERT INTO `Handles` (`userID`,`caseID`) VALUES ("A21f0n5l0W","SSS21f2i1y4G000");
INSERT INTO `Handles` (`userID`,`caseID`) VALUES ("A21k9z5q4T","SSS21a2d9l7A000");
INSERT INTO `Handles` (`userID`,`caseID`) VALUES ("A21u6p6n2J","SSS21e3w2w2Q000");
INSERT INTO `Handles` (`userID`,`caseID`) VALUES ("A21d2z8u6O","SSS21t5q9r6X000");
INSERT INTO `Handles` (`userID`,`caseID`) VALUES ("A21d4r1a5W","SSS21c0v3j7H000");
INSERT INTO `Handles` (`userID`,`caseID`) VALUES ("A21x5a3h1J","SSS21p6f6g2Y000");
INSERT INTO `Handles` (`userID`,`caseID`) VALUES ("A21i1n3b8G","SSS21i3k0z7H000");
INSERT INTO `Handles` (`userID`,`caseID`) VALUES ("A21e2l1i9S","SSS21d4j9h5F000");
INSERT INTO `Handles` (`userID`,`caseID`) VALUES ("A21t9w6j2G","SSS21a6j4s8S000");
INSERT INTO `Handles` (`userID`,`caseID`) VALUES ("A21h0j8b3J","SSS21g4w5c6D000");
INSERT INTO `Handles` (`userID`,`caseID`) VALUES ("A21m5g0b7G","SSS21p4y9k3K000");
INSERT INTO `Handles` (`userID`,`caseID`) VALUES ("A21y1k7z8W","SSS21i3c0v7K000");
INSERT INTO `Handles` (`userID`,`caseID`) VALUES ("A21z4z2o0M","SSS21v2a2i2Q000");
INSERT INTO `Handles` (`userID`,`caseID`) VALUES ("A21n5e0z5U","SSS21o2d2m1T000");
INSERT INTO `Handles` (`userID`,`caseID`) VALUES ("A21a0o0l9O","SSS21t1y8p4S000");
INSERT INTO `Handles` (`userID`,`caseID`) VALUES ("A21x0l7q4S","SSS21z6c7c1T000");
INSERT INTO `Handles` (`userID`,`caseID`) VALUES ("A21y2c7g1O","SSS21z3g2q9E000");
INSERT INTO `Handles` (`userID`,`caseID`) VALUES ("A21j0j0n6W","SSS21h1q4a0S000");
INSERT INTO `Handles` (`userID`,`caseID`) VALUES ("A21w5h8h6Q","SSS21g3n2c8L000");
INSERT INTO `Handles` (`userID`,`caseID`) VALUES ("A21i0j5n0F","SSS21o5q4n4D000");
INSERT INTO `Handles` (`userID`,`caseID`) VALUES ("A21m6q9t6G","SSS21v4h8r3P000");
INSERT INTO `Handles` (`userID`,`caseID`) VALUES ("A21r5s1h8J","SSS21n2b5k6O000");
INSERT INTO `Handles` (`userID`,`caseID`) VALUES ("A21f4o7b3D","SSS21d8m8u7S000");
INSERT INTO `Handles` (`userID`,`caseID`) VALUES ("A21j2f9t3H","SSS21m6a0d2A000");
INSERT INTO `Handles` (`userID`,`caseID`) VALUES ("A21q2y9a5U","SSS21c5g2t6S000");
INSERT INTO `Handles` (`userID`,`caseID`) VALUES ("A21e4g0t3P","SSS21p3d1e3Z000");
INSERT INTO `Handles` (`userID`,`caseID`) VALUES ("A21q4u5j5R","SSS21o2v8p8Q000");
INSERT INTO `Handles` (`userID`,`caseID`) VALUES ("A21v9l9b5R","SSS21l9i0c0G000");
INSERT INTO `Handles` (`userID`,`caseID`) VALUES ("A21f3z4r8N","SSS21x6m5b8C000");
INSERT INTO `Handles` (`userID`,`caseID`) VALUES ("A21a4v0i1Q","SSS21r0z8x1B000");
INSERT INTO `Handles` (`userID`,`caseID`) VALUES ("A21y6i1e7R","SSS21y5z3j2Y000");
INSERT INTO `Handles` (`userID`,`caseID`) VALUES ("A21e8f7u0L","SSS21h2t7e7N000");
INSERT INTO `Handles` (`userID`,`caseID`) VALUES ("A21c6b7c7Y","SSS21x7t4k3L000");
INSERT INTO `Handles` (`userID`,`caseID`) VALUES ("A21e6a6z1Q","SSS21q6l8d6I000");
INSERT INTO `Handles` (`userID`,`caseID`) VALUES ("A21u3y0f3W","SSS21e8i7o9T000");
INSERT INTO `Handles` (`userID`,`caseID`) VALUES ("A21q3f9a9V","SSS21v4l5t6B000");
INSERT INTO `Handles` (`userID`,`caseID`) VALUES ("A21i0s6r4L","SSS21a5l8y4Q000");
INSERT INTO `Handles` (`userID`,`caseID`) VALUES ("A21l9o8k0W","SSS21y7r8q2W000");
INSERT INTO `Handles` (`userID`,`caseID`) VALUES ("A21n1q5a5G","SSS21q6h2r5T000");

INSERT INTO `HasA` (`userID`,`caseID`) VALUES ("I21a6v1n3Y","SSS21f4f1m7D000");
INSERT INTO `HasA` (`userID`,`caseID`) VALUES ("I21m2s2j0X","SSS21t5j9w8Q000");
INSERT INTO `HasA` (`userID`,`caseID`) VALUES ("I21p1o3m0I","SSS21t7z7y4I000");
INSERT INTO `HasA` (`userID`,`caseID`) VALUES ("I21n7x7k6Q","SSS21c2h1l0H000");
INSERT INTO `HasA` (`userID`,`caseID`) VALUES ("I21r0k0b4G","SSS21i1q4e2C000");
INSERT INTO `HasA` (`userID`,`caseID`) VALUES ("I21l6n1r5O","SSS21p2y3h0J000");
INSERT INTO `HasA` (`userID`,`caseID`) VALUES ("I21b0f1b7U","SSS21r4j6o9L000");
INSERT INTO `HasA` (`userID`,`caseID`) VALUES ("I21e0m3b2H","SSS21i6v6f7T000");
INSERT INTO `HasA` (`userID`,`caseID`) VALUES ("I21n8n8x4L","SSS21e7a2y8X000");
INSERT INTO `HasA` (`userID`,`caseID`) VALUES ("I21a3c7b9V","SSS21h4r3w5L000");
INSERT INTO `HasA` (`userID`,`caseID`) VALUES ("I21l4l2z2V","SSS21w9v7d1S000");
INSERT INTO `HasA` (`userID`,`caseID`) VALUES ("I21n3q8z0T","SSS21x3c0k9T000");
INSERT INTO `HasA` (`userID`,`caseID`) VALUES ("I21g4q3a0C","SSS21m4j8t5Y000");
INSERT INTO `HasA` (`userID`,`caseID`) VALUES ("I21e8r0w4U","SSS21t0l8f1K000");
INSERT INTO `HasA` (`userID`,`caseID`) VALUES ("I21g6a1t9M","SSS21q6m3x3T000");
INSERT INTO `HasA` (`userID`,`caseID`) VALUES ("I21c1i0m8G","SSS21q0w9e4F000");
INSERT INTO `HasA` (`userID`,`caseID`) VALUES ("I21t2r5i9L","SSS21i4h3i7G000");
INSERT INTO `HasA` (`userID`,`caseID`) VALUES ("I21a8r5z0R","SSS21d9j4s9V000");
INSERT INTO `HasA` (`userID`,`caseID`) VALUES ("I21b8x7f7C","SSS21j1j4d2X000");
INSERT INTO `HasA` (`userID`,`caseID`) VALUES ("I21f9d1v3S","SSS21x9u8f6Z000");
INSERT INTO `HasA` (`userID`,`caseID`) VALUES ("I21t0z0b6C","SSS21z9r7y5C000");
INSERT INTO `HasA` (`userID`,`caseID`) VALUES ("I21k2i4s0M","SSS21f0o8f3M000");
INSERT INTO `HasA` (`userID`,`caseID`) VALUES ("I21e5c5u5T","SSS21g1s2c8O000");
INSERT INTO `HasA` (`userID`,`caseID`) VALUES ("I21h2l3h4T","SSS21r2i9s2I000");
INSERT INTO `HasA` (`userID`,`caseID`) VALUES ("I21w7w4s5D","SSS21q9n4e2T000");
INSERT INTO `HasA` (`userID`,`caseID`) VALUES ("I21q1o1x3V","SSS21u3f3x1U000");
INSERT INTO `HasA` (`userID`,`caseID`) VALUES ("I21q9k1o6D","SSS21v8k1h4G000");
INSERT INTO `HasA` (`userID`,`caseID`) VALUES ("I21s9s9l4W","SSS21h7e3k5M000");
INSERT INTO `HasA` (`userID`,`caseID`) VALUES ("I21q1y3p1B","SSS21x4s1a3V000");
INSERT INTO `HasA` (`userID`,`caseID`) VALUES ("I21s2t1t0M","SSS21u6y2o0G000");
INSERT INTO `HasA` (`userID`,`caseID`) VALUES ("I21x3a1i3J","SSS21w9x5e8R000");
INSERT INTO `HasA` (`userID`,`caseID`) VALUES ("I21l5k8x1E","SSS21u9p6o8P000");
INSERT INTO `HasA` (`userID`,`caseID`) VALUES ("I21o4j8t5J","SSS21x3v1i1X000");
INSERT INTO `HasA` (`userID`,`caseID`) VALUES ("I21j4c1z0G","SSS21v4i3j3Q000");
INSERT INTO `HasA` (`userID`,`caseID`) VALUES ("I21d6h1k4S","SSS21g5u1k6F000");
INSERT INTO `HasA` (`userID`,`caseID`) VALUES ("I21j0i9h1D","SSS21u2b9j9T000");
INSERT INTO `HasA` (`userID`,`caseID`) VALUES ("I21d1s2k3T","SSS21m2s8l8V000");
INSERT INTO `HasA` (`userID`,`caseID`) VALUES ("I21b1t4v6Y","SSS21r0x1d7Q000");
INSERT INTO `HasA` (`userID`,`caseID`) VALUES ("I21q0l7k2S","SSS21b9l8r3P000");
INSERT INTO `HasA` (`userID`,`caseID`) VALUES ("I21o5t8k4S","SSS21m1x7b8D000");
INSERT INTO `HasA` (`userID`,`caseID`) VALUES ("I21d8u1g3F","SSS21a3i7z1O000");
INSERT INTO `HasA` (`userID`,`caseID`) VALUES ("I21m0m8e1V","SSS21r2s0x1N000");
INSERT INTO `HasA` (`userID`,`caseID`) VALUES ("I21p9t3c7R","SSS21j2b1k9V000");
INSERT INTO `HasA` (`userID`,`caseID`) VALUES ("I21h2u9c3D","SSS21g1h3u4I000");
INSERT INTO `HasA` (`userID`,`caseID`) VALUES ("I21a0l0g1L","SSS21a0a6p9S000");
INSERT INTO `HasA` (`userID`,`caseID`) VALUES ("I21l7l3r4Q","SSS21m9w8z8C000");
INSERT INTO `HasA` (`userID`,`caseID`) VALUES ("I21h9y4d8L","SSS21f8c9f6M000");
INSERT INTO `HasA` (`userID`,`caseID`) VALUES ("I21p5a6t2C","SSS21w2k1h1K000");
INSERT INTO `HasA` (`userID`,`caseID`) VALUES ("I21g2z8f6O","SSS21f7g1m0X000");
INSERT INTO `HasA` (`userID`,`caseID`) VALUES ("I21i2l7f5H","SSS21p4d1l5D000");
INSERT INTO `HasA` (`userID`,`caseID`) VALUES ("I21q7x2g1S","SSS21n4w8u7G000");
INSERT INTO `HasA` (`userID`,`caseID`) VALUES ("I21i8x8f6M","SSS21i2g3x4N000");
INSERT INTO `HasA` (`userID`,`caseID`) VALUES ("I21l0r9l3V","SSS21c4j2s1X000");
INSERT INTO `HasA` (`userID`,`caseID`) VALUES ("I21n5q6a4D","SSS21h4d5s5N000");
INSERT INTO `HasA` (`userID`,`caseID`) VALUES ("I21c9w4e5V","SSS21x4j4e8B000");
INSERT INTO `HasA` (`userID`,`caseID`) VALUES ("I21r1z4k2D","SSS21u5y4c9M000");
INSERT INTO `HasA` (`userID`,`caseID`) VALUES ("I21p6v9u4N","SSS21u8m5q6V000");
INSERT INTO `HasA` (`userID`,`caseID`) VALUES ("I21n7y2f4X","SSS21w5z3w3P000");
INSERT INTO `HasA` (`userID`,`caseID`) VALUES ("I21f7c9s5M","SSS21w4v3a8C000");
INSERT INTO `HasA` (`userID`,`caseID`) VALUES ("I21d1n4r9Z","SSS21f2o7c6M000");
INSERT INTO `HasA` (`userID`,`caseID`) VALUES ("I21z2k0g2Z","SSS21x7d9c7B000");
INSERT INTO `HasA` (`userID`,`caseID`) VALUES ("I21g3m9s7I","SSS21f2i1y4G000");
INSERT INTO `HasA` (`userID`,`caseID`) VALUES ("I21z3e6c2F","SSS21a2d9l7A000");
INSERT INTO `HasA` (`userID`,`caseID`) VALUES ("I21u0o9p4S","SSS21e3w2w2Q000");
INSERT INTO `HasA` (`userID`,`caseID`) VALUES ("I21s7j5a6V","SSS21t5q9r6X000");
INSERT INTO `HasA` (`userID`,`caseID`) VALUES ("I21j2n0e0U","SSS21c0v3j7H000");
INSERT INTO `HasA` (`userID`,`caseID`) VALUES ("I21j8o1a3G","SSS21p6f6g2Y000");
INSERT INTO `HasA` (`userID`,`caseID`) VALUES ("I21l8p2s9M","SSS21i3k0z7H000");
INSERT INTO `HasA` (`userID`,`caseID`) VALUES ("I21c5y3b3D","SSS21d4j9h5F000");
INSERT INTO `HasA` (`userID`,`caseID`) VALUES ("I21i1b1u3K","SSS21a6j4s8S000");
INSERT INTO `HasA` (`userID`,`caseID`) VALUES ("I21a5f4z0X","SSS21g4w5c6D000");
INSERT INTO `HasA` (`userID`,`caseID`) VALUES ("I21x9j6r5J","SSS21p4y9k3K000");
INSERT INTO `HasA` (`userID`,`caseID`) VALUES ("I21s9w5f1N","SSS21i3c0v7K000");
INSERT INTO `HasA` (`userID`,`caseID`) VALUES ("I21p6r5h3T","SSS21v2a2i2Q000");
INSERT INTO `HasA` (`userID`,`caseID`) VALUES ("I21h9a5z8Y","SSS21o2d2m1T000");
INSERT INTO `HasA` (`userID`,`caseID`) VALUES ("I21y1u2m4V","SSS21t1y8p4S000");
INSERT INTO `HasA` (`userID`,`caseID`) VALUES ("I21z2d7c5Q","SSS21z6c7c1T000");
INSERT INTO `HasA` (`userID`,`caseID`) VALUES ("I21o1f7t9Z","SSS21z3g2q9E000");
INSERT INTO `HasA` (`userID`,`caseID`) VALUES ("I21b7l9f4G","SSS21h1q4a0S000");
INSERT INTO `HasA` (`userID`,`caseID`) VALUES ("I21o0p9v2G","SSS21g3n2c8L000");
INSERT INTO `HasA` (`userID`,`caseID`) VALUES ("I21j0t6i5Q","SSS21o5q4n4D000");
INSERT INTO `HasA` (`userID`,`caseID`) VALUES ("I21r0h1t2L","SSS21v4h8r3P000");
INSERT INTO `HasA` (`userID`,`caseID`) VALUES ("I21i8g8k3M","SSS21n2b5k6O000");
INSERT INTO `HasA` (`userID`,`caseID`) VALUES ("I21z1v3d9J","SSS21d8m8u7S000");
INSERT INTO `HasA` (`userID`,`caseID`) VALUES ("I21i1d0e4O","SSS21m6a0d2A000");
INSERT INTO `HasA` (`userID`,`caseID`) VALUES ("I21x8u8t1N","SSS21c5g2t6S000");
INSERT INTO `HasA` (`userID`,`caseID`) VALUES ("I21h2g2o2Z","SSS21p3d1e3Z000");
INSERT INTO `HasA` (`userID`,`caseID`) VALUES ("I21o2l9d5N","SSS21o2v8p8Q000");
INSERT INTO `HasA` (`userID`,`caseID`) VALUES ("I21b5c7q0B","SSS21l9i0c0G000");
INSERT INTO `HasA` (`userID`,`caseID`) VALUES ("I21f2w0f2G","SSS21x6m5b8C000");
INSERT INTO `HasA` (`userID`,`caseID`) VALUES ("I21e6i6i6N","SSS21r0z8x1B000");
INSERT INTO `HasA` (`userID`,`caseID`) VALUES ("I21p9e2x7Z","SSS21y5z3j2Y000");
INSERT INTO `HasA` (`userID`,`caseID`) VALUES ("I21o0f4s7Z","SSS21h2t7e7N000");
INSERT INTO `HasA` (`userID`,`caseID`) VALUES ("I21z8z0v1D","SSS21x7t4k3L000");
INSERT INTO `HasA` (`userID`,`caseID`) VALUES ("I21j1a5t0U","SSS21q6l8d6I000");
INSERT INTO `HasA` (`userID`,`caseID`) VALUES ("I21l8k8k9L","SSS21e8i7o9T000");
INSERT INTO `HasA` (`userID`,`caseID`) VALUES ("I21y2q1v1W","SSS21v4l5t6B000");
INSERT INTO `HasA` (`userID`,`caseID`) VALUES ("I21i3i4o2O","SSS21a5l8y4Q000");
INSERT INTO `HasA` (`userID`,`caseID`) VALUES ("I21d3y2f0U","SSS21y7r8q2W000");
INSERT INTO `HasA` (`userID`,`caseID`) VALUES ("I21r6i4t5D","SSS21q6h2r5T000");

INSERT INTO `Invest` (`transactionID`,`caseID`) VALUES ("Mt3z5D549v","SSS21f4f1m7D000");
INSERT INTO `Invest` (`transactionID`,`caseID`) VALUES ("Mf5j1T825r","SSS21t5j9w8Q000");
INSERT INTO `Invest` (`transactionID`,`caseID`) VALUES ("Mx0f5X901e","SSS21t7z7y4I000");
INSERT INTO `Invest` (`transactionID`,`caseID`) VALUES ("Mu7u5I303k","SSS21c2h1l0H000");
INSERT INTO `Invest` (`transactionID`,`caseID`) VALUES ("Mu7q3B911o","SSS21i1q4e2C000");
INSERT INTO `Invest` (`transactionID`,`caseID`) VALUES ("Mb0h2L374n","SSS21p2y3h0J000");
INSERT INTO `Invest` (`transactionID`,`caseID`) VALUES ("Mi6k6S050w","SSS21r4j6o9L000");
INSERT INTO `Invest` (`transactionID`,`caseID`) VALUES ("Mp4a2O616q","SSS21i6v6f7T000");
INSERT INTO `Invest` (`transactionID`,`caseID`) VALUES ("Mi7m9R742w","SSS21e7a2y8X000");
INSERT INTO `Invest` (`transactionID`,`caseID`) VALUES ("Mn6x5L289h","SSS21h4r3w5L000");
INSERT INTO `Invest` (`transactionID`,`caseID`) VALUES ("Ml0h3P711u","SSS21w9v7d1S000");
INSERT INTO `Invest` (`transactionID`,`caseID`) VALUES ("Mh6n1S125l","SSS21x3c0k9T000");
INSERT INTO `Invest` (`transactionID`,`caseID`) VALUES ("Me0d8W423d","SSS21m4j8t5Y000");
INSERT INTO `Invest` (`transactionID`,`caseID`) VALUES ("Mg2e4N676q","SSS21t0l8f1K000");
INSERT INTO `Invest` (`transactionID`,`caseID`) VALUES ("Mb6o6T540n","SSS21q6m3x3T000");
INSERT INTO `Invest` (`transactionID`,`caseID`) VALUES ("Mo8n6A500x","SSS21q0w9e4F000");
INSERT INTO `Invest` (`transactionID`,`caseID`) VALUES ("Mn9x7I604f","SSS21i4h3i7G000");
INSERT INTO `Invest` (`transactionID`,`caseID`) VALUES ("Ms8d3Z570z","SSS21d9j4s9V000");
INSERT INTO `Invest` (`transactionID`,`caseID`) VALUES ("Me6a9U102c","SSS21j1j4d2X000");
INSERT INTO `Invest` (`transactionID`,`caseID`) VALUES ("Mx2r0Y217e","SSS21x9u8f6Z000");
INSERT INTO `Invest` (`transactionID`,`caseID`) VALUES ("Mv5z3Z965n","SSS21z9r7y5C000");
INSERT INTO `Invest` (`transactionID`,`caseID`) VALUES ("Mt7v7Y217a","SSS21f0o8f3M000");
INSERT INTO `Invest` (`transactionID`,`caseID`) VALUES ("Mv8l1N656i","SSS21g1s2c8O000");
INSERT INTO `Invest` (`transactionID`,`caseID`) VALUES ("Mr5l5A162a","SSS21r2i9s2I000");
INSERT INTO `Invest` (`transactionID`,`caseID`) VALUES ("Mr8k7I508h","SSS21q9n4e2T000");
INSERT INTO `Invest` (`transactionID`,`caseID`) VALUES ("Me1k4K887a","SSS21u3f3x1U000");
INSERT INTO `Invest` (`transactionID`,`caseID`) VALUES ("Ms0a0G198n","SSS21v8k1h4G000");
INSERT INTO `Invest` (`transactionID`,`caseID`) VALUES ("Mx8l1S902r","SSS21h7e3k5M000");
INSERT INTO `Invest` (`transactionID`,`caseID`) VALUES ("Mp6w6I243q","SSS21x4s1a3V000");
INSERT INTO `Invest` (`transactionID`,`caseID`) VALUES ("Mg4q3H676u","SSS21u6y2o0G000");
INSERT INTO `Invest` (`transactionID`,`caseID`) VALUES ("Mk2r5G724d","SSS21w9x5e8R000");
INSERT INTO `Invest` (`transactionID`,`caseID`) VALUES ("Mg1z5F259b","SSS21u9p6o8P000");
INSERT INTO `Invest` (`transactionID`,`caseID`) VALUES ("Mu0i7K329x","SSS21x3v1i1X000");
INSERT INTO `Invest` (`transactionID`,`caseID`) VALUES ("Mf8u9L320d","SSS21v4i3j3Q000");
INSERT INTO `Invest` (`transactionID`,`caseID`) VALUES ("My9f2G226i","SSS21g5u1k6F000");
INSERT INTO `Invest` (`transactionID`,`caseID`) VALUES ("Mq4t6O102o","SSS21u2b9j9T000");
INSERT INTO `Invest` (`transactionID`,`caseID`) VALUES ("Mg7q6O707o","SSS21m2s8l8V000");
INSERT INTO `Invest` (`transactionID`,`caseID`) VALUES ("Mx0v4E664u","SSS21r0x1d7Q000");
INSERT INTO `Invest` (`transactionID`,`caseID`) VALUES ("Mq3p8P009v","SSS21b9l8r3P000");
INSERT INTO `Invest` (`transactionID`,`caseID`) VALUES ("Mq6g7Z769l","SSS21m1x7b8D000");
INSERT INTO `Invest` (`transactionID`,`caseID`) VALUES ("Mf0v2Z877i","SSS21a3i7z1O000");
INSERT INTO `Invest` (`transactionID`,`caseID`) VALUES ("Mp7f8S699g","SSS21r2s0x1N000");
INSERT INTO `Invest` (`transactionID`,`caseID`) VALUES ("Mz6o7G601t","SSS21j2b1k9V000");
INSERT INTO `Invest` (`transactionID`,`caseID`) VALUES ("Md4x8O425o","SSS21g1h3u4I000");
INSERT INTO `Invest` (`transactionID`,`caseID`) VALUES ("Mn2v4D211i","SSS21a0a6p9S000");
INSERT INTO `Invest` (`transactionID`,`caseID`) VALUES ("Mu0c8V469p","SSS21m9w8z8C000");
INSERT INTO `Invest` (`transactionID`,`caseID`) VALUES ("Mx6h8R926p","SSS21f8c9f6M000");
INSERT INTO `Invest` (`transactionID`,`caseID`) VALUES ("Mv1l5Q210j","SSS21w2k1h1K000");
INSERT INTO `Invest` (`transactionID`,`caseID`) VALUES ("Ms2h7U218r","SSS21f7g1m0X000");
INSERT INTO `Invest` (`transactionID`,`caseID`) VALUES ("Mz5r9L827g","SSS21p4d1l5D000");
INSERT INTO `Invest` (`transactionID`,`caseID`) VALUES ("Mp0n4S652x","SSS21n4w8u7G000");
INSERT INTO `Invest` (`transactionID`,`caseID`) VALUES ("Mq1a4J648s","SSS21i2g3x4N000");
INSERT INTO `Invest` (`transactionID`,`caseID`) VALUES ("Mj8h0U256y","SSS21c4j2s1X000");
INSERT INTO `Invest` (`transactionID`,`caseID`) VALUES ("Mg8a7I634u","SSS21h4d5s5N000");
INSERT INTO `Invest` (`transactionID`,`caseID`) VALUES ("Mz1x5P943g","SSS21x4j4e8B000");
INSERT INTO `Invest` (`transactionID`,`caseID`) VALUES ("Mu0z0Q217g","SSS21u5y4c9M000");
INSERT INTO `Invest` (`transactionID`,`caseID`) VALUES ("Ms4s6M387h","SSS21u8m5q6V000");
INSERT INTO `Invest` (`transactionID`,`caseID`) VALUES ("Mw6m8O560f","SSS21w5z3w3P000");
INSERT INTO `Invest` (`transactionID`,`caseID`) VALUES ("Mx8k5K647b","SSS21w4v3a8C000");
INSERT INTO `Invest` (`transactionID`,`caseID`) VALUES ("Me3g9B611s","SSS21f2o7c6M000");
INSERT INTO `Invest` (`transactionID`,`caseID`) VALUES ("Mu5q0X096d","SSS21x7d9c7B000");
INSERT INTO `Invest` (`transactionID`,`caseID`) VALUES ("Mf8f7M636u","SSS21f2i1y4G000");
INSERT INTO `Invest` (`transactionID`,`caseID`) VALUES ("My8q7F235n","SSS21a2d9l7A000");
INSERT INTO `Invest` (`transactionID`,`caseID`) VALUES ("Mk9y9D468e","SSS21e3w2w2Q000");
INSERT INTO `Invest` (`transactionID`,`caseID`) VALUES ("Mu2v0K283k","SSS21t5q9r6X000");
INSERT INTO `Invest` (`transactionID`,`caseID`) VALUES ("My0f5H763w","SSS21c0v3j7H000");
INSERT INTO `Invest` (`transactionID`,`caseID`) VALUES ("Mb1w9M013e","SSS21p6f6g2Y000");
INSERT INTO `Invest` (`transactionID`,`caseID`) VALUES ("Mw0l3R867t","SSS21i3k0z7H000");
INSERT INTO `Invest` (`transactionID`,`caseID`) VALUES ("My7k8N041k","SSS21d4j9h5F000");
INSERT INTO `Invest` (`transactionID`,`caseID`) VALUES ("Md5b9M452t","SSS21a6j4s8S000");
INSERT INTO `Invest` (`transactionID`,`caseID`) VALUES ("Mm6c4D957b","SSS21g4w5c6D000");
INSERT INTO `Invest` (`transactionID`,`caseID`) VALUES ("Mb5h5I260e","SSS21p4y9k3K000");
INSERT INTO `Invest` (`transactionID`,`caseID`) VALUES ("Mj0a1U705x","SSS21i3c0v7K000");
INSERT INTO `Invest` (`transactionID`,`caseID`) VALUES ("Me8k6H847p","SSS21v2a2i2Q000");
INSERT INTO `Invest` (`transactionID`,`caseID`) VALUES ("Md2h6T495t","SSS21o2d2m1T000");
INSERT INTO `Invest` (`transactionID`,`caseID`) VALUES ("Mo5m8L610u","SSS21t1y8p4S000");
INSERT INTO `Invest` (`transactionID`,`caseID`) VALUES ("Mp4z5I962d","SSS21z6c7c1T000");
INSERT INTO `Invest` (`transactionID`,`caseID`) VALUES ("My4v9S021v","SSS21z3g2q9E000");
INSERT INTO `Invest` (`transactionID`,`caseID`) VALUES ("Ms1q7I681f","SSS21h1q4a0S000");
INSERT INTO `Invest` (`transactionID`,`caseID`) VALUES ("Mn7s2O909a","SSS21g3n2c8L000");
INSERT INTO `Invest` (`transactionID`,`caseID`) VALUES ("Mc0p4E524h","SSS21o5q4n4D000");
INSERT INTO `Invest` (`transactionID`,`caseID`) VALUES ("My2p6M506o","SSS21v4h8r3P000");
INSERT INTO `Invest` (`transactionID`,`caseID`) VALUES ("Mi0l0E160a","SSS21n2b5k6O000");
INSERT INTO `Invest` (`transactionID`,`caseID`) VALUES ("Mr9v7T981t","SSS21d8m8u7S000");
INSERT INTO `Invest` (`transactionID`,`caseID`) VALUES ("Mv7y0F199p","SSS21m6a0d2A000");
INSERT INTO `Invest` (`transactionID`,`caseID`) VALUES ("My9c2W930j","SSS21c5g2t6S000");
INSERT INTO `Invest` (`transactionID`,`caseID`) VALUES ("Mz3f2N363a","SSS21p3d1e3Z000");
INSERT INTO `Invest` (`transactionID`,`caseID`) VALUES ("Mu2y1X981j","SSS21o2v8p8Q000");
INSERT INTO `Invest` (`transactionID`,`caseID`) VALUES ("Mt8x3H190l","SSS21l9i0c0G000");
INSERT INTO `Invest` (`transactionID`,`caseID`) VALUES ("Mq2x6A548m","SSS21x6m5b8C000");
INSERT INTO `Invest` (`transactionID`,`caseID`) VALUES ("Mz4l5X072q","SSS21r0z8x1B000");
INSERT INTO `Invest` (`transactionID`,`caseID`) VALUES ("Mo9r7M547r","SSS21y5z3j2Y000");
INSERT INTO `Invest` (`transactionID`,`caseID`) VALUES ("Ml1s3W395g","SSS21h2t7e7N000");
INSERT INTO `Invest` (`transactionID`,`caseID`) VALUES ("Mg7g3Y983x","SSS21x7t4k3L000");
INSERT INTO `Invest` (`transactionID`,`caseID`) VALUES ("Mz1i1O438m","SSS21q6l8d6I000");
INSERT INTO `Invest` (`transactionID`,`caseID`) VALUES ("Ml1h4P981r","SSS21e8i7o9T000");
INSERT INTO `Invest` (`transactionID`,`caseID`) VALUES ("Mr8f6E574i","SSS21v4l5t6B000");
INSERT INTO `Invest` (`transactionID`,`caseID`) VALUES ("Mx7y6X802o","SSS21a5l8y4Q000");
INSERT INTO `Invest` (`transactionID`,`caseID`) VALUES ("Mv8x9K926h","SSS21y7r8q2W000");
INSERT INTO `Invest` (`transactionID`,`caseID`) VALUES ("Mr4x2K333u","SSS21q6h2r5T000");


INSERT INTO `Makes` (`userID`,`transactionID`) VALUES ("I21a6v1n3Y","Mt3z5D549v");
INSERT INTO `Makes` (`userID`,`transactionID`) VALUES ("I21m2s2j0X","Mf5j1T825r");
INSERT INTO `Makes` (`userID`,`transactionID`) VALUES ("I21p1o3m0I","Mx0f5X901e");
INSERT INTO `Makes` (`userID`,`transactionID`) VALUES ("I21n7x7k6Q","Mu7u5I303k");
INSERT INTO `Makes` (`userID`,`transactionID`) VALUES ("I21r0k0b4G","Mu7q3B911o");
INSERT INTO `Makes` (`userID`,`transactionID`) VALUES ("I21l6n1r5O","Mb0h2L374n");
INSERT INTO `Makes` (`userID`,`transactionID`) VALUES ("I21b0f1b7U","Mi6k6S050w");
INSERT INTO `Makes` (`userID`,`transactionID`) VALUES ("I21e0m3b2H","Mp4a2O616q");
INSERT INTO `Makes` (`userID`,`transactionID`) VALUES ("I21n8n8x4L","Mi7m9R742w");
INSERT INTO `Makes` (`userID`,`transactionID`) VALUES ("I21a3c7b9V","Mn6x5L289h");
INSERT INTO `Makes` (`userID`,`transactionID`) VALUES ("I21l4l2z2V","Ml0h3P711u");
INSERT INTO `Makes` (`userID`,`transactionID`) VALUES ("I21n3q8z0T","Mh6n1S125l");
INSERT INTO `Makes` (`userID`,`transactionID`) VALUES ("I21g4q3a0C","Me0d8W423d");
INSERT INTO `Makes` (`userID`,`transactionID`) VALUES ("I21e8r0w4U","Mg2e4N676q");
INSERT INTO `Makes` (`userID`,`transactionID`) VALUES ("I21g6a1t9M","Mb6o6T540n");
INSERT INTO `Makes` (`userID`,`transactionID`) VALUES ("I21c1i0m8G","Mo8n6A500x");
INSERT INTO `Makes` (`userID`,`transactionID`) VALUES ("I21t2r5i9L","Mn9x7I604f");
INSERT INTO `Makes` (`userID`,`transactionID`) VALUES ("I21a8r5z0R","Ms8d3Z570z");
INSERT INTO `Makes` (`userID`,`transactionID`) VALUES ("I21b8x7f7C","Me6a9U102c");
INSERT INTO `Makes` (`userID`,`transactionID`) VALUES ("I21f9d1v3S","Mx2r0Y217e");
INSERT INTO `Makes` (`userID`,`transactionID`) VALUES ("I21t0z0b6C","Mv5z3Z965n");
INSERT INTO `Makes` (`userID`,`transactionID`) VALUES ("I21k2i4s0M","Mt7v7Y217a");
INSERT INTO `Makes` (`userID`,`transactionID`) VALUES ("I21e5c5u5T","Mv8l1N656i");
INSERT INTO `Makes` (`userID`,`transactionID`) VALUES ("I21h2l3h4T","Mr5l5A162a");
INSERT INTO `Makes` (`userID`,`transactionID`) VALUES ("I21w7w4s5D","Mr8k7I508h");
INSERT INTO `Makes` (`userID`,`transactionID`) VALUES ("I21q1o1x3V","Me1k4K887a");
INSERT INTO `Makes` (`userID`,`transactionID`) VALUES ("I21q9k1o6D","Ms0a0G198n");
INSERT INTO `Makes` (`userID`,`transactionID`) VALUES ("I21s9s9l4W","Mx8l1S902r");
INSERT INTO `Makes` (`userID`,`transactionID`) VALUES ("I21q1y3p1B","Mp6w6I243q");
INSERT INTO `Makes` (`userID`,`transactionID`) VALUES ("I21s2t1t0M","Mg4q3H676u");
INSERT INTO `Makes` (`userID`,`transactionID`) VALUES ("I21x3a1i3J","Mk2r5G724d");
INSERT INTO `Makes` (`userID`,`transactionID`) VALUES ("I21l5k8x1E","Mg1z5F259b");
INSERT INTO `Makes` (`userID`,`transactionID`) VALUES ("I21o4j8t5J","Mu0i7K329x");
INSERT INTO `Makes` (`userID`,`transactionID`) VALUES ("I21j4c1z0G","Mf8u9L320d");
INSERT INTO `Makes` (`userID`,`transactionID`) VALUES ("I21d6h1k4S","My9f2G226i");
INSERT INTO `Makes` (`userID`,`transactionID`) VALUES ("I21j0i9h1D","Mq4t6O102o");
INSERT INTO `Makes` (`userID`,`transactionID`) VALUES ("I21d1s2k3T","Mg7q6O707o");
INSERT INTO `Makes` (`userID`,`transactionID`) VALUES ("I21b1t4v6Y","Mx0v4E664u");
INSERT INTO `Makes` (`userID`,`transactionID`) VALUES ("I21q0l7k2S","Mq3p8P009v");
INSERT INTO `Makes` (`userID`,`transactionID`) VALUES ("I21o5t8k4S","Mq6g7Z769l");
INSERT INTO `Makes` (`userID`,`transactionID`) VALUES ("I21d8u1g3F","Mf0v2Z877i");
INSERT INTO `Makes` (`userID`,`transactionID`) VALUES ("I21m0m8e1V","Mp7f8S699g");
INSERT INTO `Makes` (`userID`,`transactionID`) VALUES ("I21p9t3c7R","Mz6o7G601t");
INSERT INTO `Makes` (`userID`,`transactionID`) VALUES ("I21h2u9c3D","Md4x8O425o");
INSERT INTO `Makes` (`userID`,`transactionID`) VALUES ("I21a0l0g1L","Mn2v4D211i");
INSERT INTO `Makes` (`userID`,`transactionID`) VALUES ("I21l7l3r4Q","Mu0c8V469p");
INSERT INTO `Makes` (`userID`,`transactionID`) VALUES ("I21h9y4d8L","Mx6h8R926p");
INSERT INTO `Makes` (`userID`,`transactionID`) VALUES ("I21p5a6t2C","Mv1l5Q210j");
INSERT INTO `Makes` (`userID`,`transactionID`) VALUES ("I21g2z8f6O","Ms2h7U218r");
INSERT INTO `Makes` (`userID`,`transactionID`) VALUES ("I21i2l7f5H","Mz5r9L827g");
INSERT INTO `Makes` (`userID`,`transactionID`) VALUES ("I21q7x2g1S","Mp0n4S652x");
INSERT INTO `Makes` (`userID`,`transactionID`) VALUES ("I21i8x8f6M","Mq1a4J648s");
INSERT INTO `Makes` (`userID`,`transactionID`) VALUES ("I21l0r9l3V","Mj8h0U256y");
INSERT INTO `Makes` (`userID`,`transactionID`) VALUES ("I21n5q6a4D","Mg8a7I634u");
INSERT INTO `Makes` (`userID`,`transactionID`) VALUES ("I21c9w4e5V","Mz1x5P943g");
INSERT INTO `Makes` (`userID`,`transactionID`) VALUES ("I21r1z4k2D","Mu0z0Q217g");
INSERT INTO `Makes` (`userID`,`transactionID`) VALUES ("I21p6v9u4N","Ms4s6M387h");
INSERT INTO `Makes` (`userID`,`transactionID`) VALUES ("I21n7y2f4X","Mw6m8O560f");
INSERT INTO `Makes` (`userID`,`transactionID`) VALUES ("I21f7c9s5M","Mx8k5K647b");
INSERT INTO `Makes` (`userID`,`transactionID`) VALUES ("I21d1n4r9Z","Me3g9B611s");
INSERT INTO `Makes` (`userID`,`transactionID`) VALUES ("I21z2k0g2Z","Mu5q0X096d");
INSERT INTO `Makes` (`userID`,`transactionID`) VALUES ("I21g3m9s7I","Mf8f7M636u");
INSERT INTO `Makes` (`userID`,`transactionID`) VALUES ("I21z3e6c2F","My8q7F235n");
INSERT INTO `Makes` (`userID`,`transactionID`) VALUES ("I21u0o9p4S","Mk9y9D468e");
INSERT INTO `Makes` (`userID`,`transactionID`) VALUES ("I21s7j5a6V","Mu2v0K283k");
INSERT INTO `Makes` (`userID`,`transactionID`) VALUES ("I21j2n0e0U","My0f5H763w");
INSERT INTO `Makes` (`userID`,`transactionID`) VALUES ("I21j8o1a3G","Mb1w9M013e");
INSERT INTO `Makes` (`userID`,`transactionID`) VALUES ("I21l8p2s9M","Mw0l3R867t");
INSERT INTO `Makes` (`userID`,`transactionID`) VALUES ("I21c5y3b3D","My7k8N041k");
INSERT INTO `Makes` (`userID`,`transactionID`) VALUES ("I21i1b1u3K","Md5b9M452t");
INSERT INTO `Makes` (`userID`,`transactionID`) VALUES ("I21a5f4z0X","Mm6c4D957b");
INSERT INTO `Makes` (`userID`,`transactionID`) VALUES ("I21x9j6r5J","Mb5h5I260e");
INSERT INTO `Makes` (`userID`,`transactionID`) VALUES ("I21s9w5f1N","Mj0a1U705x");
INSERT INTO `Makes` (`userID`,`transactionID`) VALUES ("I21p6r5h3T","Me8k6H847p");
INSERT INTO `Makes` (`userID`,`transactionID`) VALUES ("I21h9a5z8Y","Md2h6T495t");
INSERT INTO `Makes` (`userID`,`transactionID`) VALUES ("I21y1u2m4V","Mo5m8L610u");
INSERT INTO `Makes` (`userID`,`transactionID`) VALUES ("I21z2d7c5Q","Mp4z5I962d");
INSERT INTO `Makes` (`userID`,`transactionID`) VALUES ("I21o1f7t9Z","My4v9S021v");
INSERT INTO `Makes` (`userID`,`transactionID`) VALUES ("I21b7l9f4G","Ms1q7I681f");
INSERT INTO `Makes` (`userID`,`transactionID`) VALUES ("I21o0p9v2G","Mn7s2O909a");
INSERT INTO `Makes` (`userID`,`transactionID`) VALUES ("I21j0t6i5Q","Mc0p4E524h");
INSERT INTO `Makes` (`userID`,`transactionID`) VALUES ("I21r0h1t2L","My2p6M506o");
INSERT INTO `Makes` (`userID`,`transactionID`) VALUES ("I21i8g8k3M","Mi0l0E160a");
INSERT INTO `Makes` (`userID`,`transactionID`) VALUES ("I21z1v3d9J","Mr9v7T981t");
INSERT INTO `Makes` (`userID`,`transactionID`) VALUES ("I21i1d0e4O","Mv7y0F199p");
INSERT INTO `Makes` (`userID`,`transactionID`) VALUES ("I21x8u8t1N","My9c2W930j");
INSERT INTO `Makes` (`userID`,`transactionID`) VALUES ("I21h2g2o2Z","Mz3f2N363a");
INSERT INTO `Makes` (`userID`,`transactionID`) VALUES ("I21o2l9d5N","Mu2y1X981j");
INSERT INTO `Makes` (`userID`,`transactionID`) VALUES ("I21b5c7q0B","Mt8x3H190l");
INSERT INTO `Makes` (`userID`,`transactionID`) VALUES ("I21f2w0f2G","Mq2x6A548m");
INSERT INTO `Makes` (`userID`,`transactionID`) VALUES ("I21e6i6i6N","Mz4l5X072q");
INSERT INTO `Makes` (`userID`,`transactionID`) VALUES ("I21p9e2x7Z","Mo9r7M547r");
INSERT INTO `Makes` (`userID`,`transactionID`) VALUES ("I21o0f4s7Z","Ml1s3W395g");
INSERT INTO `Makes` (`userID`,`transactionID`) VALUES ("I21z8z0v1D","Mg7g3Y983x");
INSERT INTO `Makes` (`userID`,`transactionID`) VALUES ("I21j1a5t0U","Mz1i1O438m");
INSERT INTO `Makes` (`userID`,`transactionID`) VALUES ("I21l8k8k9L","Ml1h4P981r");
INSERT INTO `Makes` (`userID`,`transactionID`) VALUES ("I21y2q1v1W","Mr8f6E574i");
INSERT INTO `Makes` (`userID`,`transactionID`) VALUES ("I21i3i4o2O","Mx7y6X802o");
INSERT INTO `Makes` (`userID`,`transactionID`) VALUES ("I21d3y2f0U","Mv8x9K926h");
INSERT INTO `Makes` (`userID`,`transactionID`) VALUES ("I21r6i4t5D","Mr4x2K333u");